ImageId,Target
Id_jdqw9hlv6j.png,14.0
Id_6xtrolmuvc.png,18.0
Id_2m49sj3xd9.png,0.0
Id_9jwg5pcnn4.png,28.0
Id_vnm6e8n0p3.png,21.0
Id_nro5x2z9p2.png,0.0
Id_g4c6aa4l1z.png,0.0
Id_j2fzjybuqv.png,0.0
Id_5beb0oyc43.png,0.0
Id_uirh42cj8d.png,0.0
Id_h1kv7hjply.png,0.0
Id_hox12g55h9.png,0.0
Id_iz6giv9rl2.png,11.0
Id_41v2v91vth.png,11.0
Id_5tplrmht0q.png,3.0
Id_6ezra2zav9.png,15.0
Id_qecwqg9rgk.png,0.0
Id_6idaf4uzme.png,22.0
Id_qjbi2wv090.png,8.0
Id_wb3q5n41us.png,39.0
Id_fjvn1jg356.png,0.0
Id_0rnfapoylw.png,21.0
Id_bg1qb0rcih.png,0.0
Id_el14phvmwe.png,0.0
Id_8wt051uqhq.png,9.0
Id_ls611rwlpc.png,42.0
Id_ocozno17vq.png,0.0
Id_bloe1r3d4o.png,0.0
Id_udxv56s1wj.png,1.0
Id_5imirc950p.png,0.0
Id_vnyjcvbt92.png,18.0
Id_xfznlkcxz1.png,0.0
Id_1evgmdgwbp.png,0.0
Id_8oynq7x68m.png,0.0
Id_btd8cdgbf7.png,0.0
Id_5pyx9vonvs.png,0.0
Id_oyhlw8bi1i.png,0.0
Id_42zta1uruw.png,18.0
Id_g5uohasdv9.png,3.0
Id_pcrw0iiqq3.png,10.0
Id_ty8r18d7he.png,8.0
Id_lp4yl8q9n2.png,0.0
Id_6iutfmxxev.png,7.0
Id_sg18fytmsq.png,19.0
Id_fdxeik1a0d.png,2.0
Id_z3vxzf5hn7.png,0.0
Id_aw4uajnpzi.png,0.0
Id_n23t5x5cu8.png,0.0
Id_cmt4bxk5he.png,0.0
Id_fnt1xjmn2q.png,17.0
Id_0de4s86w8i.png,20.0
Id_huj9emvw8g.png,0.0
Id_6znbrl0twj.png,0.0
Id_nimf7ddhfl.png,7.0
Id_nof9so5kgt.png,17.0
Id_9id5621bm1.png,16.0
Id_z5jgk2u484.png,16.0
Id_symjtn15to.png,0.0
Id_kgzm3j5xen.png,41.0
Id_fc8odjkniz.png,0.0
Id_s68aj3tovm.png,4.0
Id_5cs08zo4v2.png,0.0
Id_0f72be0ksr.png,28.0
Id_jaamp28xbh.png,18.0
Id_jaw0x9jmo5.png,17.0
Id_2zppbjirvr.png,0.0
Id_1gl66beu4r.png,0.0
Id_k9iyb2jqij.png,0.0
Id_an6g1lq6a6.png,0.0
Id_e9i1lkh4jm.png,0.0
Id_pynew7avej.png,17.0
Id_nq23oqkvl6.png,0.0
Id_uhdx8fvopp.png,20.0
Id_b50k80hqcm.png,0.0
Id_vupnduc26d.png,0.0
Id_ujdbfka7hp.png,0.0
Id_scf1bqac43.png,33.0
Id_rfrpm5wyms.png,0.0
Id_thvgborf1h.png,0.0
Id_k9riu20gpi.png,4.0
Id_knd2cmwufe.png,0.0
Id_64kzmjotzl.png,0.0
Id_o5xddicddr.png,18.0
Id_nbr79c656t.png,0.0
Id_xfi8yw33f2.png,44.0
Id_s2tzxtzvjr.png,0.0
Id_rvu8yg643l.png,18.0
Id_thk03hhi0m.png,0.0
Id_zb0apy5mxu.png,4.0
Id_cplvzql6if.png,12.0
Id_cza1koxh9g.png,23.0
Id_t5b3ksvrzl.png,2.0
Id_0v3pjjm73i.png,0.0
Id_kmexuj6h1t.png,2.0
Id_2qxcx2cfm6.png,26.0
Id_5n9lq17ick.png,0.0
Id_bglft34aww.png,0.0
Id_p7y6h0mz0r.png,26.0
Id_szrbl804kz.png,16.0
Id_13rvxhi8po.png,18.0
Id_b8o7o7mfsg.png,0.0
Id_qhwgcv2sbs.png,0.0
Id_1ub9afa9w3.png,0.0
Id_w4toefducw.png,9.0
Id_0rpuiekbfh.png,0.0
Id_tf60ghsnhu.png,19.0
Id_j0thu3wem7.png,0.0
Id_fx1bzd892i.png,21.0
Id_6p2zpl0wnh.png,41.0
Id_3in5xcuohd.png,13.0
Id_ebubpk615f.png,1.0
Id_6wc98sjsv3.png,0.0
Id_iqluerp3q6.png,0.0
Id_g45zl57psk.png,0.0
Id_eo8fa7fwh8.png,0.0
Id_2b94bnwygr.png,0.0
Id_o9t6sm5kdv.png,2.0
Id_m88hi3ug0r.png,0.0
Id_j8sv8iozmw.png,0.0
Id_a1nvgdwv7m.png,0.0
Id_6p4bomwlbi.png,40.0
Id_oqt8wpfjv2.png,23.0
Id_gusgkd4utv.png,0.0
Id_7aofg9gk0u.png,3.0
Id_0glyo7vcoh.png,0.0
Id_21nev8u09k.png,0.0
Id_gs0lekyshc.png,44.0
Id_jaqj9b03f3.png,0.0
Id_bbtcf7ajkd.png,2.0
Id_ahc00voygz.png,0.0
Id_y04j0399iu.png,0.0
Id_mc1inhxjen.png,0.0
Id_mxegs2ce5a.png,11.0
Id_jxu8riswpw.png,16.0
Id_7uyskvkpkx.png,0.0
Id_58jzjugxhc.png,21.0
Id_vwh7ybgz1q.png,0.0
Id_b0d5hniyjo.png,0.0
Id_roexnxbpn9.png,0.0
Id_m57xpe5rbj.png,1.0
Id_2cuw2s3yh3.png,38.0
Id_0x8xx6ak1m.png,22.0
Id_ww8d00qsa9.png,10.0
Id_j5hjahnsbr.png,23.0
Id_d4xr4v04vq.png,13.0
Id_jzif5ww34s.png,0.0
Id_l6b5mlwxk3.png,40.0
Id_ybrtalcwuk.png,17.0
Id_sv3vrf4skq.png,34.0
Id_ykpsdf6fo0.png,0.0
Id_yuts7qn2ae.png,2.0
Id_den2dy9vtv.png,35.0
Id_2zz1e04p8q.png,0.0
Id_014krjcyn7.png,0.0
Id_e6j9b2k3s8.png,31.0
Id_5qg8dm5117.png,0.0
Id_kghu1uveps.png,7.0
Id_5sbexmqqoz.png,22.0
Id_k1swl5p37b.png,0.0
Id_3pzx7qz09f.png,0.0
Id_ygkyi6uknj.png,23.0
Id_951wpsdag3.png,39.0
Id_19wat1o528.png,0.0
Id_uhcehdmyc1.png,48.0
Id_iozq2tebwu.png,0.0
Id_3vlpwzdoex.png,38.0
Id_k5i7w5cpzy.png,0.0
Id_jpue0x04vr.png,16.0
Id_j4c9dkm6ds.png,0.0
Id_p3hr39yx4r.png,33.0
Id_3xlluqdw2h.png,15.0
Id_0hbra3t3yp.png,0.0
Id_1q9l9lwf70.png,0.0
Id_1gwfo1iv79.png,16.0
Id_spgrqoosxf.png,1.0
Id_onjtrxwy09.png,46.0
Id_81w5whjhcl.png,10.0
Id_9a9nfl21iz.png,41.0
Id_eptoef3e8u.png,0.0
Id_gjy1cqf8zt.png,0.0
Id_2lsq1o748p.png,0.0
Id_oy8n0smuhz.png,0.0
Id_f0rt9fr606.png,0.0
Id_bkhg4migmr.png,44.0
Id_h6ypo40kcg.png,1.0
Id_1cz94i1r81.png,33.0
Id_pp51lddy9w.png,29.0
Id_19dmjzgnew.png,3.0
Id_1ajvo5nh1y.png,5.0
Id_ctldlrx0mw.png,0.0
Id_8xp1empv3g.png,14.0
Id_3jzv4hmx36.png,40.0
Id_0y5luf1krp.png,34.0
Id_e3k6ytrx6z.png,0.0
Id_ygg8k36leg.png,0.0
Id_2s9a62ics1.png,0.0
Id_2024f461cl.png,0.0
Id_s45iffh853.png,0.0
Id_rc6skh7tot.png,0.0
Id_0ysl3hfeau.png,0.0
Id_0scpulqyfs.png,0.0
Id_wpqgcmeqkr.png,19.0
Id_dwz1nvrf5i.png,20.0
Id_4obavy78cd.png,10.0
Id_t9jb8z55br.png,20.0
Id_2z4xe4qnti.png,0.0
Id_badq9vxbzq.png,0.0
Id_nnwunsdkpe.png,20.0
Id_smbzeh4om8.png,0.0
Id_juyjz8htoj.png,39.0
Id_sz2d2dlwje.png,5.0
Id_fu5ykmd1eg.png,11.0
Id_0rt2mxwlys.png,15.0
Id_qjsb08pflk.png,22.0
Id_9tkt5oam5o.png,22.0
Id_1yebes67ux.png,2.0
Id_dfi0a3ebsf.png,4.0
Id_cwv082vtx2.png,21.0
Id_8hug7b56rr.png,0.0
Id_fbjx63p6yr.png,20.0
Id_o1szl6nd3v.png,0.0
Id_njx5p2lo5c.png,0.0
Id_jec19xjaye.png,24.0
Id_70ux4duc5d.png,0.0
Id_cpgk0206xw.png,1.0
Id_r8g06cdwft.png,0.0
Id_3u107gbw2b.png,0.0
Id_kuehrwydyv.png,0.0
Id_zrl7swd1wo.png,0.0
Id_2cu2eahhkc.png,0.0
Id_xpy26g7h44.png,0.0
Id_s9epvnfkbt.png,0.0
Id_i6ym1pffon.png,1.0
Id_h4vb6j1ji1.png,19.0
Id_nofhm7pu32.png,19.0
Id_mzurp7qmh9.png,10.0
Id_g8omyudwdl.png,0.0
Id_avhqr6ri61.png,0.0
Id_xkdqeqatfd.png,15.0
Id_0sog4p06ir.png,11.0
Id_pfgaifekzq.png,0.0
Id_7p0zpisgg0.png,2.0
Id_6maucp11uf.png,19.0
Id_idd46tqlbe.png,0.0
Id_r2acm3vm1l.png,0.0
Id_o80ntq2r1q.png,15.0
Id_7o47cfhzu1.png,0.0
Id_oenlv2vmkt.png,0.0
Id_lvvhddgt18.png,6.0
Id_v5jlww8bm6.png,0.0
Id_otky8gvqpv.png,0.0
Id_wz1jv77gxu.png,0.0
Id_h4h8rvm7u7.png,0.0
Id_gd3yo3w2cf.png,0.0
Id_25q3w3vlxv.png,0.0
Id_tov1majh6c.png,0.0
Id_1q4gqvn8aa.png,0.0
Id_f9l3ga26hn.png,0.0
Id_5euiu72pri.png,0.0
Id_md6ehz7fu6.png,4.0
Id_6z6ag636ci.png,0.0
Id_ckb1fbpcym.png,0.0
Id_bjnrk3ou9u.png,23.0
Id_ykcnvvqg8t.png,42.0
Id_1ogl37p9nc.png,0.0
Id_i934khc7gn.png,20.0
Id_opjlyipog1.png,0.0
Id_i2ysjj0u5q.png,0.0
Id_u5t8op5lth.png,0.0
Id_2rsz6tm2p9.png,0.0
Id_emdzhqvhud.png,0.0
Id_lh8b1k1lx8.png,35.0
Id_dqnevx98d4.png,0.0
Id_lw3circueg.png,0.0
Id_4l5oywwet0.png,0.0
Id_euhv92m9jn.png,45.0
Id_ir69cze5sh.png,0.0
Id_2l3w4qa1jo.png,1.0
Id_0udgjksz6h.png,38.0
Id_w4xljstaao.png,19.0
Id_htz0cqd6z5.png,0.0
Id_yetxc0mkfj.png,0.0
Id_eml194wggt.png,8.0
Id_6m2w62rmk2.png,0.0
Id_2jwmod1g0s.png,13.0
Id_i0alsg4mte.png,12.0
Id_eva9v9akne.png,0.0
Id_au69bxpbel.png,0.0
Id_x2x26o3xkb.png,0.0
Id_47a54vait6.png,20.0
Id_bgi8fhty8p.png,43.0
Id_wulps5i0xw.png,0.0
Id_lt0oi5n3ua.png,45.0
Id_w275rkz5rl.png,0.0
Id_em28c3ngn2.png,1.0
Id_o68u2uofv5.png,0.0
Id_rmiyse9231.png,17.0
Id_pa5xg435ip.png,0.0
Id_hp1unfljn1.png,12.0
Id_2nhkl9xhhr.png,0.0
Id_dfdle1f6v9.png,14.0
Id_twnvz524v1.png,8.0
Id_5m9mgbw8od.png,0.0
Id_fel44bf1r0.png,0.0
Id_x4n57epj6r.png,5.0
Id_p4kgvgwf76.png,0.0
Id_2jb8zzqduj.png,0.0
Id_vi3jl0xhnu.png,25.0
Id_fljajfru3n.png,2.0
Id_l4svjx5ear.png,0.0
Id_p6b0xqkr4j.png,0.0
Id_h4xhre7mbg.png,0.0
Id_hew9z6lxyp.png,1.0
Id_ydp2ivw2ec.png,0.0
Id_j4kpo9sxf1.png,0.0
Id_ljpt99hh0h.png,0.0
Id_q01urs3t22.png,1.0
Id_tiutsjjcr1.png,0.0
Id_0blj67j5gw.png,0.0
Id_7o4gtb7i68.png,11.0
Id_c471hjzuy9.png,4.0
Id_vxrs8k4apj.png,41.0
Id_a6ivjoared.png,0.0
Id_u0r2hb3edn.png,0.0
Id_wwrz78tkxe.png,0.0
Id_2r2259ynzp.png,0.0
Id_qwh9km82bi.png,0.0
Id_rwjxqwrwhr.png,29.0
Id_38pwgag8x7.png,0.0
Id_j7cgw2c8cv.png,19.0
Id_5lj4y9leh4.png,5.0
Id_wqa5hwvz8v.png,29.0
Id_iqzys49ko0.png,0.0
Id_40xzzgylhw.png,0.0
Id_nzkypi4qwh.png,16.0
Id_6r9u7237rh.png,14.0
Id_brvn314i3c.png,41.0
Id_0zowhojqrn.png,0.0
Id_i3zde8fbt3.png,1.0
Id_0nqyx5foqg.png,0.0
Id_fcvt2d1ozy.png,0.0
Id_myg9iloisw.png,0.0
Id_cidfa1zrp1.png,0.0
Id_t6yl89t0qv.png,0.0
Id_azqyhdbru0.png,21.0
Id_mmuyfkutch.png,20.0
Id_x02zn9i8wj.png,0.0
Id_q7hist82cm.png,0.0
Id_givpnez49q.png,0.0
Id_47zcuzao10.png,40.0
Id_jmc3njr3zl.png,34.0
Id_y87obok3v0.png,9.0
Id_h0huynor30.png,34.0
Id_ndhlfme2do.png,0.0
Id_je17gzez7h.png,28.0
Id_caw78xoiel.png,18.0
Id_rbywq9ebez.png,4.0
Id_01myrj7ave.png,0.0
Id_y9z1z7i0ix.png,0.0
Id_l6moe9nlil.png,1.0
Id_vbe7hk525s.png,35.0
Id_o3w03upsdd.png,11.0
Id_l62xzuqutl.png,0.0
Id_4oz8tb2q2m.png,46.0
Id_qfx9cfdvez.png,21.0
Id_1wb8x3248t.png,0.0
Id_qc8skwrkmk.png,0.0
Id_ycz2o41v8k.png,22.0
Id_sstf9ohic1.png,18.0
Id_c8xfvox00q.png,1.0
Id_8s3bwnld41.png,0.0
Id_et61qyyow7.png,0.0
Id_mef2oyaz0z.png,1.0
Id_lkf31dyx2r.png,0.0
Id_wp4gal5zpc.png,3.0
Id_n4k9l6td3i.png,0.0
Id_51dwala2rc.png,0.0
Id_2ccxkgy3er.png,17.0
Id_s295f90jby.png,9.0
Id_1iw9vvmlf0.png,19.0
Id_tvu07yqrrk.png,14.0
Id_gdq1ono1yl.png,0.0
Id_qht12ufakj.png,37.0
Id_dqw6kqfvp0.png,1.0
Id_nvv9150e22.png,0.0
Id_5610fjah0a.png,44.0
Id_k155ugq5uk.png,0.0
Id_iidta3u5sg.png,4.0
Id_byy259hpor.png,0.0
Id_mj1cmmcnga.png,0.0
Id_yyj7m6zbcn.png,0.0
Id_7fmg7lywlr.png,28.0
Id_3m0wdpq3p0.png,0.0
Id_6cz9t2r4qb.png,45.0
Id_2i7afapvls.png,0.0
Id_b4rcy6la6l.png,38.0
Id_d3vcj2t8p5.png,0.0
Id_q74572am0k.png,6.0
Id_cnr2r5a58d.png,0.0
Id_5k4flyu1nr.png,6.0
Id_e9zzjl61un.png,34.0
Id_3s5glv0w83.png,0.0
Id_ctrzwulvsr.png,0.0
Id_kd9m5eoeuf.png,14.0
Id_tbm9kk3jr1.png,21.0
Id_ibrflyue8t.png,38.0
Id_j9v4un7na5.png,38.0
Id_x9nq7o12lm.png,16.0
Id_reye25jo1d.png,51.0
Id_kdaazxcwxd.png,0.0
Id_or27ugjvr4.png,0.0
Id_6tks619gfu.png,0.0
Id_d6ak51epwv.png,1.0
Id_khqv7uqb0o.png,41.0
Id_3muajfbsnx.png,9.0
Id_uwen0gha08.png,0.0
Id_n2jgjb3uzj.png,39.0
Id_upi0qqwzsy.png,0.0
Id_uw6v6i4pcv.png,9.0
Id_0ofne8l20l.png,0.0
Id_nm4bhbv93t.png,24.0
Id_rcnmwbdmwz.png,15.0
Id_3ewrj8z3f4.png,1.0
Id_65mz45zv1b.png,1.0
Id_b3n77uiab5.png,13.0
Id_6d1cb8clrz.png,0.0
Id_ktgiy2ht80.png,14.0
Id_p8de92ld9b.png,0.0
Id_weiyovowsu.png,0.0
Id_1z2vrulnga.png,13.0
Id_vacfjw34f0.png,20.0
Id_cgqt5660r3.png,0.0
Id_aye79dva62.png,0.0
Id_g5n5x1loc1.png,0.0
Id_o5e6sf5xwn.png,6.0
Id_gz421l7jv3.png,0.0
Id_zxenkgojcu.png,18.0
Id_u1cltb1btv.png,34.0
Id_bi7ea0840s.png,17.0
Id_x8yroywbmg.png,0.0
Id_4a86knvyu3.png,2.0
Id_h0f091di0y.png,4.0
Id_t8t4970o4w.png,21.0
Id_jst60rg208.png,0.0
Id_vjusyuv357.png,0.0
Id_hr81r0uoiw.png,0.0
Id_5rzz2lsy37.png,15.0
Id_v9r8pjvz2q.png,18.0
Id_6o8vhauhch.png,0.0
Id_1rd9l80ner.png,0.0
Id_wv871iutzq.png,11.0
Id_q0tcjxtf4s.png,7.0
Id_dh9xlkgn2p.png,41.0
Id_78wi08xuvl.png,11.0
Id_k4kx52yn7z.png,10.0
Id_tntt9jvqty.png,39.0
Id_n50ncai973.png,43.0
Id_q84n1hm12t.png,0.0
Id_jt3yqifs64.png,0.0
Id_09kzew4giw.png,11.0
Id_rmyuist8si.png,23.0
Id_j3ofwh81b0.png,6.0
Id_omjyjw7h7a.png,0.0
Id_9n9i6npmjl.png,12.0
Id_g3rijkc9xg.png,18.0
Id_5zd6zddgc9.png,0.0
Id_swvban6xwq.png,7.0
Id_ixcbp5b6rl.png,36.0
Id_xi61ipimpj.png,4.0
Id_qddrmsaofx.png,0.0
Id_qup7rfcqpq.png,3.0
Id_sai9ejdq8s.png,23.0
Id_m9tbibx4cf.png,37.0
Id_lcvo5s4zvf.png,41.0
Id_68bhzbsxrn.png,16.0
Id_986f3ksckj.png,7.0
Id_w2s8iste6j.png,0.0
Id_2fzimt0lht.png,4.0
Id_9tu3kf48hy.png,0.0
Id_lafcb677ju.png,0.0
Id_dkt5b30zuy.png,0.0
Id_3ejxwt3bie.png,46.0
Id_gldgn7o3du.png,0.0
Id_x0oq73n2xs.png,8.0
Id_jc5488pqvk.png,0.0
Id_ls4onlu9ie.png,1.0
Id_gl8v651o0c.png,0.0
Id_qdc58dcku1.png,3.0
Id_mxitflvwh4.png,1.0
Id_bb40q6qacw.png,31.0
Id_9fdzbqax3q.png,0.0
Id_6apk5cr0cp.png,44.0
Id_do8wbw2zkw.png,33.0
Id_tn748l5k57.png,38.0
Id_u45dpub99b.png,0.0
Id_gd3dkrjz62.png,2.0
Id_bi4tr4gjfc.png,0.0
Id_79okd8gux6.png,16.0
Id_v1x245gjn5.png,0.0
Id_1kq4f4z6rn.png,0.0
Id_d7vfywkvzx.png,0.0
Id_ux7skikfni.png,8.0
Id_p4eon6cxwz.png,2.0
Id_fsrs1f44rc.png,41.0
Id_4nuo9gc80n.png,14.0
Id_w9h2yslxg4.png,17.0
Id_l19z2cmftz.png,10.0
Id_paibv7z8u5.png,1.0
Id_6xgij9lx9v.png,11.0
Id_a20muw94ut.png,41.0
Id_393sfwzh3o.png,0.0
Id_cvjkhjnwu8.png,41.0
Id_rkm6vwm0md.png,24.0
Id_dmnfi1lguz.png,0.0
Id_bidbjhpbg5.png,34.0
Id_8ljruiaax8.png,0.0
Id_3a5y0evskg.png,3.0
Id_smh80swb1j.png,18.0
Id_1ddjbz7cdh.png,0.0
Id_h41ux75oso.png,0.0
Id_scf4jxhlfg.png,33.0
Id_scykxlfvif.png,46.0
Id_bwvlh29pso.png,0.0
Id_y8dylvgxnf.png,43.0
Id_zgy0vi8wgh.png,7.0
Id_85mqcl8fy6.png,0.0
Id_3zg134nsvn.png,7.0
Id_93yhdiup2a.png,0.0
Id_0qmnyleshm.png,0.0
Id_3ntd254dz6.png,0.0
Id_dw0kux88kq.png,1.0
Id_1205g44ocw.png,0.0
Id_ubqbezai2q.png,8.0
Id_wlqczihbv1.png,29.0
Id_jfonasdcun.png,0.0
Id_ewrxaqs874.png,0.0
Id_z5qp45hj26.png,14.0
Id_ynver6yr0f.png,0.0
Id_f2uj5a5mae.png,37.0
Id_lu6605090z.png,0.0
Id_cssulevtgy.png,22.0
Id_9icvjn29uu.png,0.0
Id_3huvh5qp1z.png,38.0
Id_2r36mdzloe.png,14.0
Id_ljk252px4f.png,0.0
Id_4kifz8yvzy.png,2.0
Id_ukchyb8q8w.png,20.0
Id_98c5bzuiok.png,16.0
Id_ymekogz8vx.png,11.0
Id_qenomdgxip.png,0.0
Id_ih8adnya56.png,43.0
Id_mxged1v0uk.png,12.0
Id_h861timk2w.png,0.0
Id_g354d1oovk.png,0.0
Id_acyvlyoygk.png,0.0
Id_km8l653epd.png,13.0
Id_pggsezx42q.png,42.0
Id_98k8osbnwx.png,6.0
Id_6eyyo00sxr.png,0.0
Id_ihfar6fu9k.png,18.0
Id_gzcllbmiog.png,0.0
Id_i4l5chsvnq.png,0.0
Id_50fufqy1my.png,43.0
Id_f9j0hhkyxy.png,0.0
Id_q7zj4d6k01.png,4.0
Id_0ym4kdtczk.png,4.0
Id_tqm8dx8y6h.png,3.0
Id_p05hn45eys.png,25.0
Id_bfpmfcjeiu.png,11.0
Id_0whobrrl6r.png,0.0
Id_uvet69cccc.png,0.0
Id_ek72lecubs.png,0.0
Id_kx60b4dgn2.png,13.0
Id_dh5cwacekd.png,0.0
Id_fr152y7sqg.png,0.0
Id_u3beew4l0x.png,15.0
Id_bynswca324.png,13.0
Id_ocqhlwd15r.png,32.0
Id_qbtq8opz68.png,30.0
Id_jpop8eyyz7.png,20.0
Id_7k03vxgkg9.png,44.0
Id_2eey6p52ic.png,19.0
Id_ff6lwr3b5h.png,8.0
Id_kzuy1er5jm.png,0.0
Id_lvpdpvxwgf.png,0.0
Id_inbdjzzpjm.png,0.0
Id_cfcsuxgsvd.png,31.0
Id_ol91jcpfe0.png,0.0
Id_owtor3hpz3.png,0.0
Id_vel0quddlt.png,16.0
Id_xew6yud5wl.png,0.0
Id_0njatkps0p.png,0.0
Id_c90hok9ay9.png,3.0
Id_haeidgw7cl.png,0.0
Id_itfru0lk6g.png,0.0
Id_rzee2nx41h.png,0.0
Id_4vyr5exoyx.png,21.0
Id_1ejmezc4bk.png,0.0
Id_5ki72j9543.png,0.0
Id_dbk9ujmeru.png,16.0
Id_9qzg2hlpdt.png,14.0
Id_qner7jp4ku.png,0.0
Id_frp7ahoak9.png,15.0
Id_dh00b7w3vv.png,0.0
Id_pk6dp874ve.png,0.0
Id_fzoltkv3bk.png,23.0
Id_guo10m5v20.png,10.0
Id_5dlep3eguy.png,18.0
Id_kydu34z6t1.png,33.0
Id_edmdmhv4by.png,0.0
Id_ij9vjf8kuc.png,0.0
Id_dkvn0x232x.png,0.0
Id_crvo4mua2v.png,6.0
Id_pnjtzn0v64.png,14.0
Id_uvf4p57d0v.png,0.0
Id_gdjtrwpqu1.png,4.0
Id_kijhpp5di3.png,31.0
Id_s3qsltkowq.png,1.0
Id_iwoumdliwh.png,0.0
Id_mv42hma7ww.png,0.0
Id_07obmasa8i.png,1.0
Id_hrgdbe9a3j.png,14.0
Id_ag6w8ja0zr.png,16.0
Id_8xuqs2ut71.png,35.0
Id_5zc93klzqs.png,14.0
Id_c5z7c587xo.png,0.0
Id_qv0gp2bl1k.png,0.0
Id_pxrfu62pv6.png,0.0
Id_85992p4se2.png,11.0
Id_hnn2y49oqn.png,0.0
Id_rlzhu5yvmo.png,40.0
Id_6uxtmrqmm9.png,8.0
Id_aonaucjujl.png,12.0
Id_9237lr5zyt.png,16.0
Id_4t6zujh39m.png,0.0
Id_tr80fg3t4h.png,22.0
Id_vjs2vl1qsl.png,0.0
Id_p0j1woya3w.png,0.0
Id_sdnqx3jmje.png,0.0
Id_i2mr0i6c5h.png,38.0
Id_0ltd2qbeun.png,0.0
Id_bpmg13r1p4.png,0.0
Id_753ecc4ui0.png,18.0
Id_oduyjma8cc.png,8.0
Id_g9ydpjtaiu.png,1.0
Id_gfufe7503p.png,0.0
Id_fejcuyvefp.png,0.0
Id_7m2i35lkms.png,0.0
Id_4psy0iwtv9.png,14.0
Id_b9yxjwsjk8.png,17.0
Id_ii0m3vk0xi.png,0.0
Id_dabpx5hrum.png,0.0
Id_zuso74o7uj.png,35.0
Id_wjp92pnr4v.png,3.0
Id_l783zv1s03.png,48.0
Id_7jxavred9p.png,41.0
Id_cyn0yztl84.png,0.0
Id_sy0kgwc8zv.png,0.0
Id_pvr25kmt4m.png,12.0
Id_tr1a0m14ux.png,12.0
Id_es5ma9zfee.png,0.0
Id_ow16iibhj7.png,0.0
Id_jhsp1ihc12.png,6.0
Id_vwuykgap41.png,8.0
Id_im89yzfi9n.png,38.0
Id_zdy5uuiwxu.png,0.0
Id_n8ayzhqlq8.png,9.0
Id_iywex4brbu.png,37.0
Id_6dzw2wqzg0.png,38.0
Id_baig31fiqx.png,8.0
Id_3jr0bjr7nk.png,26.0
Id_z8dtwriwnn.png,0.0
Id_5u2g694l80.png,0.0
Id_hmcnf15rll.png,9.0
Id_9xv3l6rc2t.png,1.0
Id_22xfi1undd.png,0.0
Id_gw4eltpn7t.png,7.0
Id_s1ck6aa6ml.png,11.0
Id_trq372hf7n.png,0.0
Id_xvppo2lqnd.png,32.0
Id_7kg7xl6n1b.png,0.0
Id_sj0d8scvqs.png,20.0
Id_97fltacvy0.png,12.0
Id_fbth1w9nl4.png,39.0
Id_6m9n5grp1z.png,24.0
Id_y14oggilah.png,0.0
Id_c3akoc0gt3.png,0.0
Id_3bwz5ixt9i.png,0.0
Id_al9h12tl9z.png,21.0
Id_yhsyh96szk.png,0.0
Id_a84xiv9bph.png,34.0
Id_bwukzsnahh.png,14.0
Id_ag2vwkqot3.png,0.0
Id_18xe6zvvxm.png,0.0
Id_32i1fdq8kd.png,0.0
Id_9zwh4k4nki.png,0.0
Id_kdutru3u2s.png,16.0
Id_j5hvl5uo1l.png,37.0
Id_dconqtjymz.png,0.0
Id_jexumaek7d.png,0.0
Id_9bz0hswydo.png,18.0
Id_7mxvqd6j23.png,0.0
Id_kc0mwqivli.png,10.0
Id_2goic5xoft.png,52.0
Id_k1gzf9l5rx.png,0.0
Id_wrrldooerd.png,0.0
Id_xy42tg4p56.png,0.0
Id_gf1n48adc2.png,0.0
Id_vj6jthxdgf.png,2.0
Id_n2rxjcuyc5.png,2.0
Id_bwvajl5pwk.png,18.0
Id_t5fbxke85t.png,0.0
Id_moig2sglgf.png,0.0
Id_eaegcvaaex.png,0.0
Id_7b67hvy7rm.png,22.0
Id_sulzwyu734.png,0.0
Id_yv247tu2qr.png,22.0
Id_xyxdh86e5b.png,0.0
Id_8cl62l3ftd.png,0.0
Id_ftj4gykp9i.png,2.0
Id_p1mgqky82m.png,0.0
Id_hh1vsx4b1b.png,7.0
Id_pbl45vxbht.png,36.0
Id_n2ultdf0so.png,0.0
Id_hv4kkt3p9s.png,0.0
Id_o3byj5vrra.png,0.0
Id_3jjjvhxp7n.png,16.0
Id_vb60aaklsg.png,0.0
Id_im3u9mbt8h.png,5.0
Id_fpvxdjk9kv.png,18.0
Id_hfu50s4xqe.png,12.0
Id_130zzd5elm.png,0.0
Id_1jxgy135lg.png,13.0
Id_v5so0ugjl8.png,0.0
Id_abowos8t9x.png,22.0
Id_pi3ue1edcd.png,0.0
Id_1iqfis2rjl.png,0.0
Id_nbh9j79f77.png,5.0
Id_kc4tjl7tus.png,0.0
Id_c7ju218ddm.png,0.0
Id_ltb9w0qust.png,24.0
Id_z2rfa6c3hv.png,14.0
Id_z7py4ch9qx.png,0.0
Id_hjt98y9apt.png,8.0
Id_ase5e8zhsg.png,1.0
Id_tbhdn09mo0.png,0.0
Id_de51l64qf6.png,20.0
Id_2be7tf8rxi.png,16.0
Id_m0v43pr77f.png,0.0
Id_n9waxorv2r.png,13.0
Id_ueuuu4cs5t.png,26.0
Id_nrnvvtuy10.png,16.0
Id_acmsd775fi.png,0.0
Id_t94725rcnd.png,0.0
Id_li0mg9zq53.png,0.0
Id_5c9g99dw40.png,0.0
Id_chyixemnag.png,0.0
Id_1vs4yfh0vg.png,1.0
Id_77cqegrr8e.png,41.0
Id_i52eqb18mi.png,17.0
Id_dsy9vu39u6.png,13.0
Id_omga0yst7s.png,0.0
Id_0nev7u4j70.png,0.0
Id_0cc07an11s.png,1.0
Id_6z0j4z0cl6.png,17.0
Id_45gd2x6lmd.png,18.0
Id_d5o0fu3gos.png,1.0
Id_steqpy4k1s.png,9.0
Id_jeb6shhtng.png,31.0
Id_84gh2r3uxd.png,0.0
Id_uaibj2pdog.png,7.0
Id_dbnpijfhvp.png,37.0
Id_y1aymacmth.png,0.0
Id_g7s8ioknum.png,36.0
Id_6crqik22vy.png,37.0
Id_t4qjgkbccu.png,0.0
Id_9t00zyw03h.png,0.0
Id_q835x2gr60.png,41.0
Id_jicbaekw2x.png,24.0
Id_5japjvi18r.png,0.0
Id_5lgq6ze30l.png,0.0
Id_8r69td3ou0.png,36.0
Id_r0pe9skv2g.png,0.0
Id_4j298dxnn2.png,12.0
Id_byjejqfmyr.png,40.0
Id_lso4vagmui.png,0.0
Id_txwjxs3fzg.png,14.0
Id_n1gwsxkz6a.png,32.0
Id_4m2qao9jb9.png,41.0
Id_xqw8rm9bjr.png,0.0
Id_qxd9g6gwec.png,0.0
Id_68vut50exj.png,0.0
Id_gsx5qelgwm.png,21.0
Id_eg541pexjb.png,36.0
Id_x52764mbth.png,0.0
Id_9xy4nz0lyt.png,0.0
Id_6g8z4wdcw1.png,7.0
Id_4n70hzshsn.png,42.0
Id_ot4n03tjrt.png,7.0
Id_ymp46lqaf5.png,0.0
Id_0xk9adj6m2.png,0.0
Id_abkjha8hax.png,41.0
Id_j1sm1r8d91.png,9.0
Id_9nq5mwouap.png,0.0
Id_hvru29w8w9.png,11.0
Id_3qwtv5x190.png,0.0
Id_9dy5eyx5lq.png,18.0
Id_kfoz6d5uwm.png,2.0
Id_kzs5gs160m.png,0.0
Id_dfou3d0od7.png,16.0
Id_sra4u0j4c8.png,0.0
Id_1zac0gqqrx.png,0.0
Id_906u2s418c.png,0.0
Id_2y4nqq8h44.png,0.0
Id_mygjo6sxk3.png,0.0
Id_u33p6xd8ie.png,0.0
Id_xjn8hwrpzq.png,0.0
Id_pv2hvz0pyw.png,0.0
Id_dcjt19buoj.png,5.0
Id_6f4jihc1ta.png,43.0
Id_gjag31dxrs.png,0.0
Id_rl0vd4y8f6.png,1.0
Id_rhgoqh95qv.png,39.0
Id_hxmp0jwd2w.png,0.0
Id_wi4ilwp4n7.png,19.0
Id_2z714945h8.png,17.0
Id_sy4b8cexvf.png,0.0
Id_n6p5xto1f3.png,0.0
Id_cnq4ig6fxc.png,1.0
Id_589unb266t.png,0.0
Id_j40d52adco.png,0.0
Id_vshoxnyab9.png,0.0
Id_460rbtmcof.png,14.0
Id_xxq0sszfaa.png,13.0
Id_zx59qbv8mw.png,0.0
Id_bx56obzkas.png,16.0
Id_qg5983myx8.png,18.0
Id_234nhwag1a.png,55.0
Id_5z6yfj5jq0.png,24.0
Id_9qycmycg4j.png,39.0
Id_7nuo6rcr2e.png,37.0
Id_x00eg0zmgp.png,35.0
Id_f44sfd88we.png,9.0
Id_dn7qct2nha.png,0.0
Id_k2ix87wz36.png,0.0
Id_eq2shpgedi.png,0.0
Id_lqh7ns4ehg.png,34.0
Id_qe3x93nthf.png,30.0
Id_gafzf8e5sx.png,6.0
Id_y24efo8tpi.png,9.0
Id_pf9vvrpbs3.png,0.0
Id_23dlvicgbp.png,0.0
Id_r6odseipzp.png,29.0
Id_7dak0cyvj9.png,19.0
Id_9j7g98qw5b.png,0.0
Id_601au863se.png,39.0
Id_8f8u014e08.png,16.0
Id_il4blj631v.png,22.0
Id_ka2g7vqgli.png,12.0
Id_oigsjn3njn.png,31.0
Id_bww6wh6imq.png,41.0
Id_h7lg09gioa.png,2.0
Id_lbzhel8nwk.png,6.0
Id_f4i3l0bw7r.png,0.0
Id_iltgwesgqd.png,0.0
Id_nw8xakwts0.png,6.0
Id_kawni3xlud.png,0.0
Id_qpn78ob34b.png,0.0
Id_tul1cpy3hn.png,19.0
Id_vhdk5fyeb1.png,0.0
Id_f7hbqak1a7.png,0.0
Id_htqn1dswkn.png,0.0
Id_a0gpiojsgu.png,0.0
Id_nnpgrbl0to.png,17.0
Id_m0esnra5go.png,0.0
Id_b70ss0t18c.png,43.0
Id_4754zxkk2w.png,0.0
Id_slbt4qeszn.png,10.0
Id_qesvlc3w7n.png,0.0
Id_06vy0r0dlg.png,0.0
Id_kb33obfa68.png,0.0
Id_wffbrsent0.png,14.0
Id_xvjh466len.png,0.0
Id_3i4b25t207.png,0.0
Id_37q5acdfxl.png,0.0
Id_5itydz3ib1.png,34.0
Id_oo42vjw5ei.png,42.0
Id_kzxbhgkoqv.png,0.0
Id_1q929zxr7w.png,0.0
Id_jxwjg3s77s.png,17.0
Id_7qf7qhdoyr.png,34.0
Id_8k8pdmmeow.png,20.0
Id_8vl31830pc.png,0.0
Id_cegasadkpo.png,42.0
Id_qwz1nwoj6y.png,0.0
Id_2bv121ukj3.png,18.0
Id_q004mtbrdr.png,0.0
Id_zjb55y5m2f.png,19.0
Id_7osb318njy.png,0.0
Id_jo1bmh21in.png,1.0
Id_02bxbyw8bu.png,0.0
Id_a7b5xxpep8.png,0.0
Id_r0ynrppdbo.png,20.0
Id_avzz6ligzi.png,8.0
Id_fuhyiahll3.png,0.0
Id_j4caixv8ea.png,0.0
Id_lfjhnxpmoj.png,43.0
Id_bfe7qde8r6.png,0.0
Id_duxfcaisxr.png,44.0
Id_wf9ae7pxki.png,21.0
Id_xvxgmpco0h.png,1.0
Id_1cfw27fhe7.png,9.0
Id_6klkf2br83.png,24.0
Id_2d2swqpf62.png,35.0
Id_ozxqk3eixm.png,0.0
Id_olp2kdws0i.png,44.0
Id_3amee9hgqp.png,0.0
Id_80vxzcm7a8.png,0.0
Id_0u0sntn3ns.png,0.0
Id_ku4cdzfvja.png,13.0
Id_016a9g4o2g.png,0.0
Id_n5pja1k7aj.png,32.0
Id_ta5ldyslff.png,0.0
Id_dna8rql2hs.png,0.0
Id_d5lvi9d8tu.png,38.0
Id_gahpp0coxt.png,0.0
Id_03kb6f4qnf.png,17.0
Id_5y2je7aeqo.png,8.0
Id_sxdadpevs3.png,40.0
Id_zj63b9wtku.png,0.0
Id_2kvg42334b.png,13.0
Id_gd53qbxuuc.png,0.0
Id_77olg1jrph.png,0.0
Id_rvq7vz4i7i.png,15.0
Id_558x3y248o.png,0.0
Id_1u9hycnz55.png,36.0
Id_3axfdkurky.png,11.0
Id_flp548fvr8.png,1.0
Id_6dqwz48soq.png,7.0
Id_09t7u8xnpu.png,0.0
Id_fziiklxokd.png,1.0
Id_ui5a44dia9.png,0.0
Id_lxor7vzovf.png,0.0
Id_ypqcnwezwj.png,2.0
Id_1p9j4ngm9f.png,0.0
Id_yn31r46yaq.png,0.0
Id_m4dyaepfg9.png,18.0
Id_wyy21fm9gp.png,0.0
Id_k0joz9j1jf.png,39.0
Id_sk2cc4xufy.png,32.0
Id_8qw2bxn6kh.png,5.0
Id_1itxpz9ecl.png,0.0
Id_vgtfo63ex9.png,20.0
Id_fr79kpn4sm.png,37.0
Id_0v5adue8zn.png,0.0
Id_981uorea82.png,0.0
Id_smydtnuw6g.png,45.0
Id_tr1v9y6z90.png,27.0
Id_xzj09h1xrm.png,31.0
Id_3pl9hlzwvo.png,0.0
Id_99ge0sc6b3.png,21.0
Id_i5ihulflfj.png,16.0
Id_loa376jjti.png,0.0
Id_7d18qxoev8.png,4.0
Id_ujt5oz6wu4.png,0.0
Id_82tcqh7qyd.png,0.0
Id_fiknm1m0gm.png,20.0
Id_pcjxambsz6.png,0.0
Id_dq2bowiafb.png,0.0
Id_d4ztn2g5w1.png,6.0
Id_9tygla3lin.png,0.0
Id_79h85qpard.png,0.0
Id_r6c9gz24d5.png,0.0
Id_ymv7pshovg.png,7.0
Id_3qsvckycqm.png,15.0
Id_kb2p66zf90.png,47.0
Id_gpw43oidya.png,0.0
Id_tyh1awhauq.png,0.0
Id_tncymvbl2p.png,0.0
Id_6z0i14ps8o.png,0.0
Id_rrutv6ufmh.png,6.0
Id_og4k07dk82.png,19.0
Id_slbf3lhoto.png,0.0
Id_eh52tnywil.png,45.0
Id_3qz15eplm0.png,0.0
Id_51icy9s0z6.png,13.0
Id_wy0csbf1g9.png,0.0
Id_rpmk13lj5a.png,17.0
Id_nnn4ddhrsk.png,0.0
Id_0sxzxmod9o.png,37.0
Id_yjneeyswlm.png,0.0
Id_8p06hkrt9w.png,0.0
Id_x1jktr7wrt.png,0.0
Id_1v3vm0oa5s.png,0.0
Id_2n67cgl6l1.png,0.0
Id_ghvy137ksu.png,6.0
Id_y2ei44p9qh.png,0.0
Id_0flwjb40dq.png,32.0
Id_73dcemqxi1.png,0.0
Id_2hdmruykgc.png,41.0
Id_64urfo8ekf.png,0.0
Id_o0m3w5l41n.png,0.0
Id_ju86dgmuyk.png,0.0
Id_g89mffb6hs.png,0.0
Id_g7fbxrng46.png,6.0
Id_5h3wmfj3dx.png,11.0
Id_ukpck414gn.png,8.0
Id_bcg05ywn73.png,38.0
Id_h1oa3jawkr.png,1.0
Id_g29ax7ez4n.png,0.0
Id_4cybfyyd5x.png,37.0
Id_8jbo5tcix1.png,0.0
Id_dghfojapml.png,0.0
Id_2gew2sa8y4.png,18.0
Id_xtxdywwfqu.png,42.0
Id_8bb74tuv4v.png,9.0
Id_90bs80wwkm.png,0.0
Id_jyktuu1cwp.png,0.0
Id_daqrqal010.png,6.0
Id_1o835340wi.png,4.0
Id_xjnvo4456o.png,40.0
Id_p6ab29b5hz.png,8.0
Id_sghpsxvvkg.png,0.0
Id_dotuihf9dr.png,38.0
Id_sii7014gfm.png,0.0
Id_5g9jhaxld1.png,0.0
Id_bh4rj4pjo2.png,0.0
Id_6f7r5h2xiz.png,0.0
Id_tiixw5zjcl.png,0.0
Id_5gtsookhfu.png,17.0
Id_9xwykwajjb.png,15.0
Id_zwnrcu9wd8.png,0.0
Id_q7magivdqe.png,19.0
Id_eq6pvdaf2u.png,10.0
Id_fyknk4ebgz.png,10.0
Id_gll3o9h9wi.png,0.0
Id_nn55rbxeje.png,0.0
Id_rq950fhq32.png,19.0
Id_far3a8dg21.png,1.0
Id_lgfo4p5wn7.png,0.0
Id_4u6sloybvw.png,0.0
Id_n3wm4r10k4.png,2.0
Id_f7xbwyy9tx.png,0.0
Id_hjkdd4yswh.png,0.0
Id_jynq71gind.png,14.0
Id_9dxbuskcmd.png,0.0
Id_0e6acoockd.png,0.0
Id_s7qxcy5phy.png,0.0
Id_c62wi6q9j8.png,0.0
Id_0p6ccnh4gy.png,44.0
Id_a5ntwta693.png,0.0
Id_0a858fsiog.png,5.0
Id_5gmdfzibdj.png,22.0
Id_cm72sx80rw.png,14.0
Id_ubj5obvr1z.png,0.0
Id_wsjpsze3dj.png,9.0
Id_899dnnnlvi.png,0.0
Id_t8rxs9u75r.png,0.0
Id_6zfe14tn95.png,7.0
Id_5o5o9mr6zh.png,0.0
Id_w4rhhg1q9o.png,1.0
Id_inyp43l04v.png,0.0
Id_dodjtor6g7.png,6.0
Id_904qyo6ymq.png,0.0
Id_y4m98n6o1x.png,10.0
Id_z85qiz00g5.png,29.0
Id_k9vw3jwb7y.png,35.0
Id_stqlos92rm.png,0.0
Id_lfqbmk5nkg.png,0.0
Id_yootwq576x.png,0.0
Id_4810pvvutf.png,12.0
Id_4x0zh3y93q.png,32.0
Id_9dmytozuz2.png,0.0
Id_066jafb83j.png,0.0
Id_i8dpvecw59.png,23.0
Id_7mcuehpgeb.png,26.0
Id_n87nsfcu60.png,42.0
Id_toti82jfwe.png,0.0
Id_j4ekckps90.png,8.0
Id_0wy6fiitvy.png,0.0
Id_3svtry3fpf.png,41.0
Id_6h095otls6.png,42.0
Id_oamy4tybj9.png,38.0
Id_e88xblteau.png,0.0
Id_8txbnths9i.png,0.0
Id_5agvu2nd3k.png,0.0
Id_nvtapbijyo.png,16.0
Id_x2i9yd1gyp.png,10.0
Id_odc5qllluc.png,0.0
Id_hm146whqeq.png,0.0
Id_eygw4xe2o4.png,0.0
Id_jovd7dj55s.png,6.0
Id_w3egcjo7og.png,0.0
Id_gswknlgtdi.png,13.0
Id_bptguibg71.png,43.0
Id_uskl5my0f5.png,31.0
Id_opnootkgzx.png,1.0
Id_m1wm2mhf5f.png,0.0
Id_t5h4han7xo.png,13.0
Id_6xb6t3w8rw.png,17.0
Id_dvtme3f67v.png,0.0
Id_e9g6ipeo6z.png,3.0
Id_tz74cy4nh9.png,26.0
Id_rufvwfy8r8.png,0.0
Id_n01jr8v5f3.png,11.0
Id_moci1ld6xh.png,0.0
Id_zl7qa2qef7.png,0.0
Id_vce0y5aftq.png,39.0
Id_xu16lbsvad.png,11.0
Id_9sz5rp2zkn.png,45.0
Id_2lzzncoh08.png,13.0
Id_hycwtqhorz.png,12.0
Id_wgrk40bqkl.png,42.0
Id_7ly78iv4v8.png,1.0
Id_y94s8j6y9i.png,13.0
Id_tjkkpzzbtb.png,2.0
Id_mrxbrxa216.png,0.0
Id_on7d9be9x3.png,0.0
Id_hkyogm0am2.png,0.0
Id_dz029fevh3.png,0.0
Id_gfeb5nh9xa.png,14.0
Id_ukelobt57l.png,0.0
Id_cqai8tl0ud.png,23.0
Id_8q73x3g38y.png,32.0
Id_yxrtojond2.png,0.0
Id_1nossxy8bs.png,3.0
Id_k0c89tgg4c.png,31.0
Id_sbfkudk8ze.png,9.0
Id_579wtagdwd.png,29.0
Id_7nreqftmvc.png,5.0
Id_x2atd38g72.png,0.0
Id_969t1nxy91.png,28.0
Id_evg3zpv8t5.png,46.0
Id_ebpplml8dc.png,18.0
Id_wvt5lv14j5.png,0.0
Id_w1ytxt89og.png,41.0
Id_23xqgdk4cg.png,32.0
Id_owxhn1zmlh.png,21.0
Id_j15oftggga.png,0.0
Id_brehcb2a0v.png,33.0
Id_w4zn65x8jf.png,15.0
Id_lfmulumeia.png,0.0
Id_jdy1v7yj56.png,46.0
Id_0pe35hd8sj.png,0.0
Id_82ev6gm51x.png,42.0
Id_uy6z9ca7hn.png,1.0
Id_xh9jf5kvon.png,0.0
Id_nch6y0kbd9.png,0.0
Id_fegq4enh7m.png,0.0
Id_jzevnxzvnn.png,0.0
Id_d1hugcirlx.png,6.0
Id_c12z91anra.png,0.0
Id_ch9pxoqs2d.png,0.0
Id_67r8a9kiqx.png,4.0
Id_gcgn6csfw9.png,0.0
Id_v2qtqd2s0y.png,20.0
Id_urtjcezv37.png,42.0
Id_ky8q0psri2.png,9.0
Id_7sc05ezd0d.png,18.0
Id_yz1l0eeriq.png,21.0
Id_rvps1ls0jl.png,14.0
Id_vkom0cscix.png,0.0
Id_pmter680g6.png,1.0
Id_apgwgcumar.png,29.0
Id_pwqv43hglk.png,5.0
Id_mz6azmi9pa.png,0.0
Id_16ts6p2yf3.png,0.0
Id_xii0dac6lq.png,0.0
Id_hgqwpzzud4.png,0.0
Id_tmlcufbxcg.png,0.0
Id_t4i80omz0i.png,10.0
Id_0glehiic3g.png,0.0
Id_lhh0dwf7w5.png,0.0
Id_lqs4b5j1ee.png,0.0
Id_e9k3m6l8rp.png,4.0
Id_z11q1qzapf.png,0.0
Id_1najla7yf0.png,4.0
Id_xzfgipuny1.png,11.0
Id_7zjmtm5iqe.png,17.0
Id_shmnassa24.png,0.0
Id_9c6tzz4ecw.png,0.0
Id_5wgrr3u6tr.png,34.0
Id_iprqviaa0i.png,0.0
Id_bvvertpekq.png,40.0
Id_urlii26l5y.png,45.0
Id_e7jwz86tvu.png,15.0
Id_yvdb93u2qm.png,0.0
Id_dtjto67dq9.png,0.0
Id_ivbza5zz1u.png,12.0
Id_u2dzh57wmf.png,31.0
Id_ummdb1sm1x.png,43.0
Id_jootm8pzn7.png,0.0
Id_v4zlyrpxsy.png,42.0
Id_76g9u8ey3i.png,36.0
Id_62e9wbh9rf.png,0.0
Id_k1risem3i4.png,0.0
Id_v22bta3d1a.png,19.0
Id_pg79mq0xh3.png,1.0
Id_kksj8f7aja.png,0.0
Id_0bzzwsitfb.png,28.0
Id_ecf0pk9k5w.png,0.0
Id_ijgx3gg04z.png,7.0
Id_yq2y90y380.png,0.0
Id_y5wwos8p5m.png,0.0
Id_myric401wj.png,4.0
Id_ey39q5cd5a.png,0.0
Id_lswu2e3la0.png,21.0
Id_95gp1pqiwp.png,17.0
Id_6eoguwjfmv.png,0.0
Id_6kjnemvub3.png,0.0
Id_s8934udunb.png,0.0
Id_k9d97qlfa7.png,20.0
Id_y9128xp7ht.png,4.0
Id_f9vpan0mkt.png,19.0
Id_2kgsm25s92.png,32.0
Id_3tvm5sgeqb.png,0.0
Id_lv96plr7xj.png,0.0
Id_bfsyi2t31q.png,0.0
Id_1b46d4ozf6.png,18.0
Id_i4a416tbkv.png,0.0
Id_9ua704wliu.png,0.0
Id_6ls94ewz47.png,1.0
Id_hd2p294vg0.png,10.0
Id_upua3g7q2q.png,25.0
Id_hz5b4is2b1.png,35.0
Id_nzj1k8gho1.png,0.0
Id_u676t8fwfv.png,0.0
Id_z0szcj0dio.png,39.0
Id_rg1zdudqwm.png,0.0
Id_hdcob9nwp3.png,0.0
Id_ar988ic9vb.png,0.0
Id_7664osbm3i.png,31.0
Id_xtrtimv2dn.png,17.0
Id_0tzx38yms9.png,40.0
Id_u4w9t8wlve.png,1.0
Id_y57uahhazg.png,0.0
Id_8ylzhpq6uw.png,0.0
Id_de38r7g5yl.png,0.0
Id_wel47j8prp.png,22.0
Id_4wcwbeca30.png,0.0
Id_rlnk4h0n9p.png,0.0
Id_3n7brjo0ww.png,0.0
Id_0egm0q0k5w.png,28.0
Id_jdefp5xojk.png,10.0
Id_kx59x521ge.png,6.0
Id_5x0l2c26yy.png,11.0
Id_a4ck0xrtyp.png,0.0
Id_ykc52hqkuw.png,2.0
Id_1q85frmcuk.png,19.0
Id_bxzacaw8bq.png,18.0
Id_2hqsxv0gdy.png,3.0
Id_llw5adbwo2.png,0.0
Id_h5hglcdtn7.png,1.0
Id_wp1rmbnrys.png,0.0
Id_knyqla7rb4.png,0.0
Id_iaohbue8yl.png,5.0
Id_t9reu1fsxz.png,0.0
Id_jprylux11k.png,0.0
Id_98spcj6vll.png,39.0
Id_e8ptovcspr.png,18.0
Id_llte19zajn.png,0.0
Id_yfrcuxlqki.png,15.0
Id_hoce9lyd8v.png,3.0
Id_mnf9zvei8p.png,0.0
Id_l3w14nos6o.png,23.0
Id_7wh2pkyxar.png,0.0
Id_n70ledvw8a.png,14.0
Id_qqntblix51.png,0.0
Id_zh1pgrhf31.png,5.0
Id_b79rvgx3r6.png,0.0
Id_e4u0mwwxkr.png,0.0
Id_basqoplptk.png,0.0
Id_t6500fgyw8.png,0.0
Id_vainjqh1nn.png,35.0
Id_616ix6079w.png,0.0
Id_uvsyslk3dg.png,0.0
Id_h22upqgksd.png,1.0
Id_mxpnvsuwrj.png,0.0
Id_rafs0vm5v6.png,0.0
Id_dd50fcm5pl.png,0.0
Id_oy6b40igut.png,0.0
Id_m47j4rt4st.png,23.0
Id_4dvs957b2d.png,40.0
Id_auz517i4yg.png,0.0
Id_wtryd3ltdy.png,1.0
Id_x8apwskxx0.png,38.0
Id_k1trfxolwn.png,3.0
Id_quk8fk3shi.png,0.0
Id_6qd9r9m4fj.png,0.0
Id_rkrox5m2gj.png,0.0
Id_nxrt1z4oc2.png,0.0
Id_12zyjrxcub.png,0.0
Id_nmvvx8996y.png,29.0
Id_f39flys505.png,42.0
Id_uthokd75yd.png,6.0
Id_x3grxktbe9.png,0.0
Id_6salqggq94.png,0.0
Id_lbexmipof2.png,7.0
Id_lscib8l7rb.png,21.0
Id_vj4x7tc56x.png,14.0
Id_s7e04ejoaj.png,40.0
Id_2ssej7kzas.png,35.0
Id_2ef2ccupsw.png,0.0
Id_chm0ra7fae.png,1.0
Id_dycbdprv0k.png,15.0
Id_c8yil887au.png,16.0
Id_waiffnbvbv.png,0.0
Id_cqbgtcnkbp.png,0.0
Id_wmjm75481t.png,4.0
Id_4ovfba0gt2.png,1.0
Id_x4rtrq9jqu.png,4.0
Id_ll8wys0cqw.png,0.0
Id_u0zo8sx7ok.png,2.0
Id_vakx4xz6wr.png,0.0
Id_d60up37tay.png,18.0
Id_t86mwx1rjq.png,0.0
Id_segl2keozt.png,0.0
Id_x9kwwklgwt.png,8.0
Id_sqp9ime5md.png,0.0
Id_347czjgtn7.png,0.0
Id_qe72r3r3yl.png,12.0
Id_h6yl5now7g.png,10.0
Id_02uxp20t36.png,0.0
Id_02i9r9elyo.png,8.0
Id_mbkcfbk112.png,0.0
Id_842atkbl2g.png,32.0
Id_4rtpv3ix9o.png,18.0
Id_w9d8cpxytv.png,41.0
Id_ovk24czn0s.png,0.0
Id_zgb78lr3o7.png,45.0
Id_aplrmhee0w.png,0.0
Id_xsxoi53psx.png,0.0
Id_gtx5h10o9t.png,0.0
Id_e70gckxy5o.png,2.0
Id_wy49kl9la0.png,0.0
Id_lkdrxgykug.png,32.0
Id_qofyw0tfoy.png,0.0
Id_80og1tyve3.png,2.0
Id_2dao24ibxz.png,0.0
Id_rgnve1ko30.png,0.0
Id_lh0xfx9wn3.png,40.0
Id_pf0uzy8isu.png,0.0
Id_6wv584spzh.png,42.0
Id_tk015g15rn.png,30.0
Id_ffd3hercdd.png,0.0
Id_n2mrmxeobm.png,46.0
Id_b8v0kknur0.png,0.0
Id_0ypefmx02b.png,25.0
Id_7ha1feacfr.png,2.0
Id_gtetxhv9bx.png,3.0
Id_cg7uuco8as.png,0.0
Id_546zozodrz.png,0.0
Id_4y1qne53fn.png,0.0
Id_hf8sgmwiaf.png,19.0
Id_zmljbdzq8j.png,40.0
Id_570moyspnv.png,0.0
Id_jd8kcxllwx.png,17.0
Id_p4ezakqtos.png,0.0
Id_68uutjt6vu.png,0.0
Id_dhw75u8l9q.png,2.0
Id_qhscw5xmt5.png,0.0
Id_4jgykoovcu.png,1.0
Id_w9h0c45zey.png,20.0
Id_enf8eci6kp.png,0.0
Id_83ndd3y4dx.png,23.0
Id_tcgb7ym9u5.png,0.0
Id_w4fnd54go8.png,29.0
Id_46m2nopvbg.png,19.0
Id_ajj804u6xs.png,26.0
Id_kpu2hwts7k.png,12.0
Id_ejozgnpl0n.png,10.0
Id_4pyc7beb93.png,0.0
Id_wuuafee58t.png,6.0
Id_ju9xl5knal.png,0.0
Id_qaiptwxmlg.png,2.0
Id_s40x4fdd6a.png,42.0
Id_poqnjm0gz6.png,7.0
Id_tkx5vykv3r.png,11.0
Id_igdih0esua.png,21.0
Id_o2h1zhjw32.png,21.0
Id_ta05idh0rn.png,15.0
Id_nqnk2out0a.png,0.0
Id_45n576xh30.png,0.0
Id_ktresbgb9i.png,0.0
Id_r3opvmge13.png,9.0
Id_fx7bxlvac0.png,0.0
Id_42cuuytiyd.png,0.0
Id_1vhb4gxkhp.png,10.0
Id_xuh1udb85j.png,44.0
Id_ic23enwmgj.png,0.0
Id_lolw03gsfd.png,18.0
Id_dppzejynx3.png,5.0
Id_o8ricqlime.png,10.0
Id_46jasknpzy.png,7.0
Id_v8bep2cp5w.png,18.0
Id_v745xn2puw.png,0.0
Id_3wlk1ilx9c.png,8.0
Id_yybaufvicy.png,0.0
Id_7e0goocwd9.png,0.0
Id_n3rh3qv677.png,18.0
Id_f9t87jwkvr.png,0.0
Id_p6tju36ufs.png,8.0
Id_c11vjgaals.png,0.0
Id_7vrx2e1idh.png,30.0
Id_s3k5gezyse.png,1.0
Id_f8aossuziq.png,0.0
Id_m5gtvmjdxk.png,0.0
Id_69trorfxuu.png,0.0
Id_ae04wpankp.png,1.0
Id_eum4chs1rh.png,0.0
Id_9rrxl8i0xb.png,4.0
Id_uklu2nrzcy.png,0.0
Id_13qs3essv8.png,0.0
Id_xa8tb1s7iq.png,1.0
Id_1zmmvhnmr0.png,11.0
Id_az0xj55elh.png,0.0
Id_kgvqekmdrx.png,21.0
Id_d4dvcqgi62.png,30.0
Id_djr74kad81.png,6.0
Id_lu6btrcgar.png,1.0
Id_un1u7bg9mt.png,0.0
Id_ga4z6w446a.png,0.0
Id_mjul5zzmv7.png,0.0
Id_z1e2m6mt6j.png,0.0
Id_zsfi7lfzfx.png,0.0
Id_587rog104w.png,0.0
Id_8wkscfg7n9.png,0.0
Id_84oplgqzr5.png,0.0
Id_k587hlu8da.png,0.0
Id_l445ne6bz9.png,11.0
Id_br0p3d15yq.png,14.0
Id_vwln1bka6t.png,4.0
Id_f7phznqhpb.png,28.0
Id_it6sbn1zz2.png,0.0
Id_28oilh8a0g.png,13.0
Id_fd2swxgvot.png,0.0
Id_uxg00z45l6.png,7.0
Id_immlxxshke.png,0.0
Id_ktmkuh65nj.png,5.0
Id_0atxmr1kxh.png,0.0
Id_c6t9nrhg0h.png,14.0
Id_728wkwgzeh.png,20.0
Id_9a9zyyb19h.png,0.0
Id_t94jv69xm9.png,0.0
Id_l0uzgjum31.png,4.0
Id_crwpal3s80.png,3.0
Id_2erzxy4oia.png,0.0
Id_womxaekbkr.png,30.0
Id_o9099t9vqb.png,0.0
Id_q3cm525eud.png,20.0
Id_o2xd0kzy9t.png,22.0
Id_n5z4ut5w1t.png,0.0
Id_oupkzi1ipk.png,0.0
Id_z8og13fi5i.png,0.0
Id_tajow8vkyu.png,0.0
Id_q4gg1jmk0e.png,14.0
Id_zbtsj9qw5i.png,12.0
Id_p7rzay6yse.png,0.0
Id_gutlkdrilt.png,0.0
Id_iayw10ihdv.png,7.0
Id_eza4ic1a4k.png,43.0
Id_4havip1jvy.png,14.0
Id_mnovpzr31i.png,28.0
Id_77q0bhheir.png,39.0
Id_p61u6f3p97.png,0.0
Id_ddqyiqg2y7.png,0.0
Id_wzsjqxm8ct.png,0.0
Id_bwnfy6s0sk.png,10.0
Id_bh5h2txoc2.png,4.0
Id_0tko96xpuj.png,16.0
Id_v8e9cu5wx9.png,11.0
Id_v9gmdly1tl.png,44.0
Id_f10c8l5hnc.png,11.0
Id_t7nzb4jyzf.png,15.0
Id_j1fcmnx2u1.png,47.0
Id_0l86avr5au.png,0.0
Id_knb1aaim0q.png,12.0
Id_ndh0f0n40z.png,43.0
Id_q2nh7y0pas.png,19.0
Id_pn3x3vh52b.png,12.0
Id_s5ag6syu86.png,17.0
Id_1xn0qmpeu6.png,12.0
Id_v1v6wnyf1m.png,0.0
Id_byj742di5g.png,6.0
Id_16hctgznx4.png,36.0
Id_s8j43bu7qm.png,0.0
Id_udmuqq9x8v.png,0.0
Id_70ymo771sa.png,1.0
Id_vf5ohljm9m.png,0.0
Id_06tx9unbxp.png,0.0
Id_3gk8uyhbap.png,0.0
Id_gp1bgq5hab.png,41.0
Id_yl3mlyzmul.png,6.0
Id_yyl7ttloaj.png,36.0
Id_n63n7oskkq.png,0.0
Id_drqa0h2m7m.png,0.0
Id_gqe5padbsq.png,33.0
Id_8q55hx53xr.png,0.0
Id_hgswg95kc9.png,32.0
Id_j4ihgdc3ud.png,21.0
Id_u4sm9bg04l.png,0.0
Id_4lr9uu0x6q.png,0.0
Id_2t6a72glzh.png,42.0
Id_rfcyu1qnmz.png,18.0
Id_ylg9lfoguw.png,0.0
Id_omi6pujjek.png,0.0
Id_6lgek34ali.png,0.0
Id_8w42s2tgf0.png,35.0
Id_2xj1k3uarg.png,41.0
Id_gazkiyjvbd.png,0.0
Id_wd1mfw4n0z.png,0.0
Id_pwey1dpog4.png,10.0
Id_lklo0ctbxg.png,0.0
Id_41qs9mefh1.png,40.0
Id_0llytm875l.png,0.0
Id_q79c4ai0lb.png,9.0
Id_trybcjlc66.png,29.0
Id_56gwiq80sy.png,0.0
Id_ajl5hoftc2.png,20.0
Id_gyczbflv2b.png,10.0
Id_oy06gjq4xx.png,0.0
Id_80xk5rw9yb.png,8.0
Id_7s11qjfs67.png,0.0
Id_c0bq9rgwyj.png,0.0
Id_vshpxjmm2q.png,18.0
Id_07lqpiklx2.png,0.0
Id_u9pqkiq30y.png,0.0
Id_278ale3u65.png,0.0
Id_scy84n8zy7.png,0.0
Id_ufy2azzfra.png,28.0
Id_z6z1i2d09p.png,2.0
Id_qzi6t3lo41.png,0.0
Id_7evqslin0q.png,19.0
Id_wouawnl14p.png,3.0
Id_jw3g7hbc7j.png,8.0
Id_qa0xqly66e.png,5.0
Id_28yuc4t64w.png,9.0
Id_4pgr99b9cn.png,8.0
Id_53tkh9jwqp.png,0.0
Id_2qv84zt2m9.png,1.0
Id_3aupccftb4.png,10.0
Id_vymhtvfec8.png,0.0
Id_atzem9oyih.png,45.0
Id_c4gpwg1q0s.png,17.0
Id_tbsoyrzfbp.png,0.0
Id_fzg35ig3ez.png,27.0
Id_cppk8aqce7.png,0.0
Id_7ccn7hvcaz.png,40.0
Id_pjitt86q6m.png,19.0
Id_f03hup2t1h.png,0.0
Id_6xfqzfifci.png,36.0
Id_a1ahlkb5pw.png,0.0
Id_a455vbetu6.png,14.0
Id_v5g0z1m3sp.png,0.0
Id_zpyrgszdr0.png,26.0
Id_z8mp9iwcq3.png,17.0
Id_46f2byc5iw.png,18.0
Id_0wva5d0tgk.png,0.0
Id_narex1fzl9.png,0.0
Id_lx1tfhblme.png,0.0
Id_bljm91jou7.png,14.0
Id_ejfk4yoy6a.png,2.0
Id_ppu99jy4o5.png,0.0
Id_6ij7mrnqwd.png,1.0
Id_4gct7bps87.png,43.0
Id_jcp6m6x9h7.png,0.0
Id_vppcmvu53k.png,21.0
Id_7zkvt2s4y1.png,0.0
Id_o7mabg8d8m.png,42.0
Id_7e6p4xp3yn.png,0.0
Id_8wu39bknem.png,37.0
Id_zae36lyv7j.png,17.0
Id_6j839x9djw.png,9.0
Id_v6q9qdfrrp.png,16.0
Id_wtbf3h2aub.png,17.0
Id_qxd2sx0fm2.png,0.0
Id_jvo64bqr5v.png,0.0
Id_bak26ua0gi.png,0.0
Id_jrbedt5swd.png,0.0
Id_4mgg5068fy.png,9.0
Id_ww8ozl7t5o.png,45.0
Id_pnqrmwdux8.png,31.0
Id_bkv60xljvf.png,15.0
Id_ayg6ztygye.png,0.0
Id_md209ymt4i.png,40.0
Id_jdyqorbfdp.png,36.0
Id_cn2ofi6axu.png,0.0
Id_tunm54c6n2.png,0.0
Id_dz0fuv78ar.png,12.0
Id_gdll4zfj9m.png,12.0
Id_jtc1doye11.png,21.0
Id_9a8lvhwhmb.png,42.0
Id_n98c0sz1iz.png,0.0
Id_o98hth4sd4.png,0.0
Id_3vnhle7r7b.png,0.0
Id_n4w20zo0ak.png,0.0
Id_y8p4ln99nk.png,0.0
Id_rppil00cjy.png,25.0
Id_ki2g388zmu.png,39.0
Id_e7b55fktm8.png,0.0
Id_31zhl52v6e.png,18.0
Id_23pcgmm2dp.png,19.0
Id_0hc82ni3ik.png,0.0
Id_6he28985qa.png,17.0
Id_2f7i8ticqa.png,0.0
Id_82k0t6cpgc.png,15.0
Id_t7v9to4xjn.png,19.0
Id_38jvutc4pq.png,24.0
Id_4q5fbts6cu.png,16.0
Id_hmz5lrwntu.png,0.0
Id_o5wcjlj93k.png,16.0
Id_akx08lhqoa.png,2.0
Id_dghru0z4fy.png,0.0
Id_1jka6h8j2t.png,17.0
Id_r3dsfoa693.png,8.0
Id_4ejna9w7bk.png,0.0
Id_l9hyif80a0.png,4.0
Id_f89p820cxi.png,0.0
Id_k5u21iwecm.png,38.0
Id_tokzuq9kcw.png,15.0
Id_gzfy8166my.png,9.0
Id_zf6rjfdejj.png,0.0
Id_rbiy1n7qqb.png,45.0
Id_q31y648gz1.png,2.0
Id_j1xt8mx6ra.png,0.0
Id_632wk6utws.png,0.0
Id_hn1p3itfz7.png,20.0
Id_thdj36d7o0.png,22.0
Id_lb29h81o74.png,18.0
Id_6fsj17cjup.png,0.0
Id_d3gw9th4yq.png,0.0
Id_e4l8g00yeh.png,16.0
Id_mo1oda9c7w.png,33.0
Id_rg75apmv9m.png,0.0
Id_kz7pwweb7u.png,19.0
Id_q891sg94h8.png,7.0
Id_22s6ndmhzt.png,15.0
Id_snlrz8hnu8.png,12.0
Id_4zwkrprcyg.png,0.0
Id_pl2e3d7ow6.png,6.0
Id_4cp99orhoj.png,10.0
Id_4bbhz4ytdn.png,8.0
Id_kwba8k1jji.png,0.0
Id_pnb1dd23tz.png,15.0
Id_hwuw02q4lb.png,0.0
Id_vqz5g3dz6q.png,11.0
Id_98nfhxg482.png,2.0
Id_t2xp3pw8qh.png,0.0
Id_hsgs323c8s.png,5.0
Id_4hnb7hsin6.png,7.0
Id_oruuq1dee6.png,8.0
Id_2nsw1jb7dx.png,0.0
Id_bbnmjqfhom.png,3.0
Id_3f1xdsvmtd.png,35.0
Id_nylfpi0872.png,12.0
Id_5jml2tou0y.png,0.0
Id_sovay2xlu0.png,0.0
Id_n2ccnsqdcm.png,0.0
Id_pa1qj3oog4.png,0.0
Id_mf7t9vh6nm.png,0.0
Id_xsj7mlkdsz.png,0.0
Id_s9fce8is0k.png,0.0
Id_vmtbzxn9qo.png,0.0
Id_rcggqvtpkx.png,16.0
Id_g908gewpha.png,1.0
Id_f30wlb43om.png,43.0
Id_s0yvldwzvo.png,0.0
Id_4gs9ow9csy.png,0.0
Id_j5puq1gy2m.png,20.0
Id_uaoyqlibll.png,46.0
Id_qs5igk8uwc.png,0.0
Id_4bm8vrairs.png,5.0
Id_sx12hlweqd.png,0.0
Id_gh1oj1whjf.png,0.0
Id_z3lsrkg0zu.png,0.0
Id_p1oo1frm20.png,4.0
Id_5qxozbf8bn.png,5.0
Id_4ddxf3hnwa.png,15.0
Id_m3i5pr3gil.png,2.0
Id_pzecfgnm86.png,0.0
Id_vbm08fu9rv.png,0.0
Id_f07vpq19pd.png,5.0
Id_5e9nbsmwey.png,0.0
Id_vnbbvidjdn.png,15.0
Id_dks5u70w5v.png,9.0
Id_oye5nlk1f4.png,12.0
Id_8kqi1bnb59.png,25.0
Id_f3w33ui6yq.png,12.0
Id_9jfa5z2mrp.png,25.0
Id_rx4a6nyovh.png,1.0
Id_bjbtanqy9o.png,17.0
Id_wo215tp1fp.png,0.0
Id_iklnl867v3.png,0.0
Id_j75i1c50ax.png,33.0
Id_bu05vbl302.png,0.0
Id_85li3cddo4.png,0.0
Id_6kvs9cqcpo.png,13.0
Id_30vta0ojfr.png,18.0
Id_ngxwndsb6z.png,24.0
Id_ya087wke4z.png,0.0
Id_2tg96mepbp.png,9.0
Id_h61nlg16px.png,4.0
Id_kccu8154no.png,5.0
Id_t5u6pbc2wt.png,0.0
Id_mapa8sqkpv.png,18.0
Id_61uj7vzddm.png,41.0
Id_b8lz3ex6qa.png,13.0
Id_sf0ux3pk0r.png,0.0
Id_jlnx700ddu.png,0.0
Id_ttx2js6x0i.png,0.0
Id_vi9uoqzpsl.png,0.0
Id_52soex0gjx.png,38.0
Id_w4m7hk335x.png,6.0
Id_xarkg8ppt0.png,11.0
Id_6sfayw4051.png,12.0
Id_72ptox19v0.png,2.0
Id_8uw2v40725.png,11.0
Id_i6unxw5jwj.png,9.0
Id_qhir6nmeb5.png,0.0
Id_t7ko479d0r.png,1.0
Id_uk9c4zd76w.png,9.0
Id_vge666i3ww.png,30.0
Id_1vqhnssqc2.png,1.0
Id_6ur5a6z0xi.png,20.0
Id_rcpmbx6eo8.png,0.0
Id_2uuzcvzziu.png,21.0
Id_g2zdugu5pk.png,34.0
Id_w37he794u5.png,10.0
Id_fwsbpl8en5.png,0.0
Id_7zbiigjnz1.png,0.0
Id_81q6n2i659.png,0.0
Id_63zqtghlbi.png,35.0
Id_8b5xy4hfgh.png,0.0
Id_y3dzsfk3f7.png,16.0
Id_063httgrzd.png,37.0
Id_pxhu4ztxjw.png,21.0
Id_5jgknuixmg.png,41.0
Id_7eprm25jxr.png,4.0
Id_sdu6em8e2z.png,28.0
Id_70af6qq2tk.png,37.0
Id_jxn2qatrzv.png,16.0
Id_chevrrv5rk.png,11.0
Id_v9dvh5ntz4.png,0.0
Id_ygbpdb0fu7.png,20.0
Id_s2bbv66kz3.png,19.0
Id_1gn8e899vc.png,2.0
Id_pu7u71j1rb.png,0.0
Id_efx7ytv31w.png,12.0
Id_c4d47gjp4b.png,0.0
Id_niwpztq309.png,32.0
Id_r405nptkvd.png,29.0
Id_qbh7l78f3d.png,0.0
Id_c2al5aeete.png,41.0
Id_gcj0pgl244.png,20.0
Id_181zb1w9rm.png,36.0
Id_p19z1yvd6j.png,0.0
Id_3u0smqg5qt.png,0.0
Id_aorprc04zv.png,1.0
Id_yxkjtivbxk.png,0.0
Id_37quvslqzl.png,1.0
Id_f125pnz74s.png,31.0
Id_r0hk66qacx.png,40.0
Id_r6t1w07kyi.png,1.0
Id_7orvhxtt99.png,0.0
Id_gnewzygfvc.png,33.0
Id_t4adq0a6fq.png,43.0
Id_esalby0r37.png,0.0
Id_n0ipc9o8el.png,27.0
Id_zzjon76p3b.png,5.0
Id_s4fxcby48o.png,40.0
Id_98xkwfd4g6.png,9.0
Id_5z2aohj69t.png,26.0
Id_6hgkxfwbmq.png,33.0
Id_dibk16f4sq.png,9.0
Id_sevouwayph.png,8.0
Id_tlv9dlkl17.png,0.0
Id_jfzzuf2y1n.png,0.0
Id_zjq4kksauh.png,19.0
Id_rkqra5oah3.png,0.0
Id_92lem2px7i.png,0.0
Id_xhsufczr98.png,8.0
Id_3yie684ani.png,0.0
Id_m2205xk0qp.png,38.0
Id_sdssirhus8.png,0.0
Id_64t4xqxa7k.png,7.0
Id_3xqra9hfni.png,0.0
Id_5iqvkk1b5m.png,0.0
Id_hj9n3vk60e.png,0.0
Id_gmos33aa3d.png,0.0
Id_xjfpkrwdjo.png,0.0
Id_gtkb9ersve.png,0.0
Id_4sizqgwnzw.png,0.0
Id_0hikrpkh68.png,9.0
Id_nqk7olqrxe.png,2.0
Id_u9owsmzzpd.png,19.0
Id_97lg7lubd1.png,36.0
Id_j61iz95dwy.png,10.0
Id_075n3pscdq.png,27.0
Id_07pis3gyzl.png,0.0
Id_yjjts6hwby.png,5.0
Id_1qz31oal5m.png,0.0
Id_us4a4eq876.png,0.0
Id_4m4ep6k4l4.png,0.0
Id_znsv4n3n1d.png,18.0
Id_9ekbdfcdt6.png,16.0
Id_0yhhsbpj81.png,0.0
Id_3ncsybbj6t.png,0.0
Id_ywyrw8fvqs.png,0.0
Id_dqdrjj0wqf.png,31.0
Id_zl5l18e4zp.png,10.0
Id_8971yu524c.png,0.0
Id_t0ah8930bg.png,0.0
Id_qq6naha5ij.png,0.0
Id_6uh2df5ypx.png,14.0
Id_v72q1eir5c.png,0.0
Id_homb5ljehs.png,3.0
Id_3bt4eh8jfv.png,19.0
Id_arahbcminf.png,0.0
Id_7dtkl5eyhg.png,19.0
Id_j1sgaxj14c.png,21.0
Id_k44opoq9fi.png,29.0
Id_olv9u49kkt.png,0.0
Id_8bhp0orrri.png,32.0
Id_r90i5xe88b.png,0.0
Id_vnjm2p4wj9.png,0.0
Id_nnzcijjzym.png,5.0
Id_lprxbaqg7m.png,0.0
Id_8ouc3gpa0m.png,14.0
Id_7euycggutp.png,0.0
Id_lo1vzi1xnj.png,0.0
Id_na3q9l4fif.png,16.0
Id_qt5tgqqdmd.png,11.0
Id_hxd85b7uoc.png,13.0
Id_xyx9wuulbq.png,18.0
Id_qkblvc4l4a.png,0.0
Id_3xvw94fibx.png,22.0
Id_49wt74rns7.png,0.0
Id_lgpeb8zdz5.png,0.0
Id_uer71i0n3l.png,10.0
Id_93hgoaloyh.png,8.0
Id_kopx6ml8q3.png,0.0
Id_y40qcho204.png,15.0
Id_95322xgp6z.png,0.0
Id_xsi0sicrsy.png,0.0
Id_q2mxgvowhn.png,0.0
Id_1iamjg9r4n.png,32.0
Id_wg6itqrxuh.png,0.0
Id_d9o6te69wy.png,0.0
Id_408vs0k3hg.png,0.0
Id_7ruuxfx248.png,43.0
Id_8ndbasbtxd.png,0.0
Id_53s8zmilk8.png,0.0
Id_6kzoihjyxb.png,32.0
Id_nprsme7vjo.png,27.0
Id_12rxr8yykb.png,14.0
Id_ith501rth6.png,0.0
Id_jpx48wotfd.png,0.0
Id_27c0tmwkyb.png,45.0
Id_oyxi6ciq2m.png,0.0
Id_h7ycjgig9g.png,15.0
Id_ri133w5x8a.png,0.0
Id_neba2ccucy.png,0.0
Id_ohhlyhlgh6.png,13.0
Id_g4zqqb797y.png,0.0
Id_x4u2f1xdff.png,0.0
Id_dby9i841xq.png,16.0
Id_xm0nlxgr9x.png,11.0
Id_p861y1cs5y.png,14.0
Id_em53wrc5e9.png,0.0
Id_o1vr5lroem.png,0.0
Id_mck8c4vl14.png,42.0
Id_qy0qc0mjt8.png,46.0
Id_xeo4sqzv8i.png,33.0
Id_6ry8sg0evh.png,8.0
Id_q3gwjjy01p.png,25.0
Id_yq5is7f2iu.png,0.0
Id_mlsjv32yr7.png,0.0
Id_3cyqlgk9r9.png,0.0
Id_879h5w35db.png,27.0
Id_4iaxe25tkc.png,0.0
Id_ndgm59z4ex.png,19.0
Id_2tpbjitzbv.png,0.0
Id_m6a70wfqsj.png,0.0
Id_q8ost7qw0s.png,11.0
Id_4y61f2snen.png,42.0
Id_olq134maw3.png,0.0
Id_g5cn1983ta.png,0.0
Id_qektbru4lw.png,0.0
Id_wsv3rc4jlg.png,2.0
Id_snlj1unfw2.png,20.0
Id_c8wrbd17to.png,0.0
Id_bmqe5vcymf.png,0.0
Id_943j07pvp1.png,0.0
Id_onqdsasius.png,37.0
Id_vs9e3c7gju.png,1.0
Id_fsobnenpl7.png,0.0
Id_1eyazr36ha.png,6.0
Id_hfxqpt6vr9.png,2.0
Id_3xa9tmcixu.png,9.0
Id_0r3a49q7xi.png,0.0
Id_cbnwqbxy9m.png,0.0
Id_om2jbql241.png,0.0
Id_clvxtg9lva.png,0.0
Id_gu4cwnfz5s.png,0.0
Id_fgymc71egz.png,0.0
Id_jju7lfyztl.png,0.0
Id_qvs7tf9hxp.png,0.0
Id_bzagymde5j.png,17.0
Id_tadtqviwlw.png,11.0
Id_f3dgpehbfn.png,4.0
Id_4ejqbnluh6.png,15.0
Id_0bllzokjeu.png,27.0
Id_bhgyaf1ckg.png,0.0
Id_tum2rov1g7.png,8.0
Id_5590b7k8hf.png,42.0
Id_rpkh02mle0.png,0.0
Id_xjkphyd137.png,35.0
Id_4g7g3r25bp.png,48.0
Id_lvua92vvg5.png,2.0
Id_pypurbdxp7.png,1.0
Id_v0nff56n1h.png,0.0
Id_rnwvh3cs2u.png,0.0
Id_h948wix4om.png,19.0
Id_vqhksgjmgm.png,0.0
Id_2852ye9zr7.png,0.0
Id_1icfkj22bu.png,0.0
Id_5oqpvpiz3d.png,0.0
Id_2r48u5pwvx.png,36.0
Id_flgd0d9l1w.png,1.0
Id_6x2fhi721w.png,42.0
Id_n9idjwb4ee.png,28.0
Id_f8xzl26shy.png,29.0
Id_b29alyfc9v.png,44.0
Id_0gx0seg2ll.png,20.0
Id_p2a80j9kxa.png,9.0
Id_vbylnd3p4g.png,0.0
Id_zu95lpr1bj.png,0.0
Id_rh0x7njef8.png,17.0
Id_bjjz6625ap.png,0.0
Id_0p3bc3602y.png,19.0
Id_ptdbfva049.png,0.0
Id_ooo2lc3ii3.png,0.0
Id_e8nh7tdfgf.png,4.0
Id_de5ycgiufv.png,9.0
Id_3ez44emva8.png,0.0
Id_v7sw1ibyvt.png,6.0
Id_xw70dl4zcr.png,21.0
Id_xhgue10ll8.png,0.0
Id_9cp7gv419s.png,16.0
Id_y3nq8utyc2.png,2.0
Id_ih7dwwizyc.png,0.0
Id_s4cd9qb0ou.png,43.0
Id_rv45k3v84f.png,0.0
Id_wx8xve2ody.png,0.0
Id_l0slfwwq4w.png,12.0
Id_yv4n5f7enc.png,0.0
Id_2wkjltkmm9.png,10.0
Id_5qv1o5ppvp.png,7.0
Id_jkay46h44n.png,0.0
Id_6anbv2boit.png,0.0
Id_cxwk6vj4uu.png,0.0
Id_3onvngtp9r.png,18.0
Id_vfkptk8xgj.png,0.0
Id_xzr7rdzfl7.png,18.0
Id_lzcb750qv8.png,0.0
Id_gskz4k7ovw.png,39.0
Id_icwtl45rlt.png,16.0
Id_t5voiv1nfs.png,16.0
Id_yjg71205ku.png,23.0
Id_tq48off6by.png,0.0
Id_3f4vfu31dn.png,0.0
Id_l77kzb6je8.png,0.0
Id_7woubgkihh.png,0.0
Id_s9egalobtn.png,7.0
Id_p4y2qtjrjy.png,15.0
Id_0vbuqfwwp2.png,12.0
Id_9my3x1pgrj.png,17.0
Id_gpjwme0op0.png,11.0
Id_yqam0ssknh.png,13.0
Id_ds13h8u3nz.png,16.0
Id_9xce5appmf.png,26.0
Id_3fl0dzbbrw.png,0.0
Id_9trldz9puw.png,0.0
Id_xi1jxwf1yd.png,0.0
Id_80m74horsz.png,7.0
Id_ggmyzzgudr.png,15.0
Id_s02485se2h.png,10.0
Id_y74yt3s5an.png,0.0
Id_rlhuuvapaq.png,16.0
Id_7yi73ngylu.png,0.0
Id_tph98okohy.png,15.0
Id_olcezbxsr6.png,0.0
Id_cvjsi5df7d.png,16.0
Id_k7s80ndl7b.png,0.0
Id_01h0t20qbt.png,8.0
Id_yyvlvcursz.png,47.0
Id_4v5y9th6sd.png,6.0
Id_n2vxw7x9c5.png,14.0
Id_1cx78gejxc.png,0.0
Id_kbgnlekbjm.png,13.0
Id_uzb88simbg.png,0.0
Id_qi2hbnooa9.png,0.0
